{"cameraMode":{"drawMode":31,"name":"Sprite Mask","section":"Miscellaneous"},"sceneLighting":true,"audioPlay":false,"sceneViewState":{"m_AlwaysRefresh":false,"showFog":true,"showSkybox":true,"showFlares":true,"showImageEffects":true,"showParticleSystems":true,"showVisualEffectGraphs":true,"m_FxEnabled":true},"in2DMode":false,"pivot":{"x":367.35919189453127,"y":227.3318328857422,"z":424.56182861328127},"rotation":{"x":-0.03030427359044552,"y":0.006593681406229734,"z":-0.0001994885242311284,"w":-0.999527633190155},"size":525.9203491210938,"orthographic":false}