{"cameraMode":{"drawMode":0,"name":"Shaded","section":"Shading Mode"},"sceneLighting":true,"audioPlay":false,"sceneViewState":{"m_AlwaysRefresh":false,"showFog":true,"showSkybox":true,"showFlares":true,"showImageEffects":true,"showParticleSystems":true,"showVisualEffectGraphs":true,"m_FxEnabled":true},"in2DMode":false,"pivot":{"x":507.60150146484377,"y":0.5450583696365356,"z":502.20782470703127},"rotation":{"x":-0.27109187841415408,"y":-0.42557403445243838,"z":0.13531669974327088,"w":-0.8527472615242004},"size":1.4109504222869874,"orthographic":false}