{"cameraMode":{"drawMode":0,"name":"Shaded","section":"Shading Mode"},"sceneLighting":true,"audioPlay":false,"sceneViewState":{"m_AlwaysRefresh":false,"showFog":true,"showSkybox":true,"showFlares":true,"showImageEffects":true,"showParticleSystems":true,"showVisualEffectGraphs":true,"m_FxEnabled":true},"in2DMode":false,"pivot":{"x":499.9700012207031,"y":0.550000011920929,"z":491.9700012207031},"rotation":{"x":-0.11555004119873047,"y":0.005063302349299192,"z":-0.0005876995273865759,"w":-0.9932981729507446},"size":0.8463954925537109,"orthographic":false}