{"cameraMode":{"drawMode":0,"name":"Shaded","section":"Shading Mode"},"sceneLighting":true,"audioPlay":false,"sceneViewState":{"m_AlwaysRefresh":false,"showFog":true,"showSkybox":true,"showFlares":true,"showImageEffects":true,"showParticleSystems":true,"showVisualEffectGraphs":true,"m_FxEnabled":true},"in2DMode":false,"pivot":{"x":497.3802795410156,"y":1.514028549194336,"z":505.5262145996094},"rotation":{"x":-0.22341062128543855,"y":-0.000880615902133286,"z":0.0002018320665229112,"w":-0.9747306108474731},"size":17.957937240600587,"orthographic":false}