{"cameraMode":{"drawMode":31,"name":"Sprite Mask","section":"Miscellaneous"},"sceneLighting":true,"audioPlay":false,"sceneViewState":{"m_AlwaysRefresh":false,"showFog":true,"showSkybox":true,"showFlares":true,"showImageEffects":true,"showParticleSystems":true,"showVisualEffectGraphs":true,"m_FxEnabled":true},"in2DMode":false,"pivot":{"x":419.01104736328127,"y":124.64662170410156,"z":517.2062377929688},"rotation":{"x":0.09884126484394074,"y":0.0890461876988411,"z":-0.008193622343242169,"w":0.9913908243179321},"size":464.07000732421877,"orthographic":false}